species;strain
sp_13;1
sp_13;1
sp_13;1
sp_13;1
sp_13;1
sp_13;1
sp_13;1
sp_13;1
sp_13;1
sp_33;2
sp_33;2
sp_33;2
sp_33;2
sp_33;2
sp_33;2
sp_33;2
sp_33;2
sp_33;2
sp_39;3
sp_39;3
sp_39;3
sp_39;3
sp_39;3
sp_39;3
sp_39;3
sp_39;3
sp_39;3
sp_31;4
sp_31;4
sp_31;4
sp_31;4
sp_31;4
sp_31;4
sp_31;4
sp_31;4
sp_31;4
sp_31;5
sp_31;5
sp_31;5
sp_31;5
sp_31;5
sp_31;5
sp_31;5
sp_31;5
sp_31;5
sp_40;6
sp_40;6
sp_40;6
sp_40;6
sp_40;6
sp_40;6
sp_40;6
sp_40;6
sp_40;6
sp_34;7
sp_34;7
sp_34;7
sp_34;7
sp_34;7
sp_34;7
sp_34;7
sp_34;7
sp_34;7
sp_38;8
sp_38;8
sp_38;8
sp_38;8
sp_38;8
sp_38;8
sp_38;8
sp_38;8
sp_38;8
sp_12;9
sp_12;9
sp_12;9
sp_12;9
sp_12;9
sp_12;9
sp_12;9
sp_12;9
sp_12;9
sp_38;10
sp_38;10
sp_38;10
sp_38;10
sp_38;10
sp_38;10
sp_38;10
sp_38;10
sp_38;10
sp_32;11
sp_32;11
sp_32;11
sp_32;11
sp_32;11
sp_32;11
sp_32;11
sp_32;11
sp_32;11
sp_32;12
sp_32;12
sp_32;12
sp_32;12
sp_32;12
sp_32;12
sp_32;12
sp_32;12
sp_32;12
sp_32;13
sp_32;13
sp_32;13
sp_32;13
sp_32;13
sp_32;13
sp_32;13
sp_32;13
sp_32;13
sp_32;14
sp_32;14
sp_32;14
sp_32;14
sp_32;14
sp_32;14
sp_32;14
sp_32;14
sp_32;14
sp_32;15
sp_32;15
sp_32;15
sp_32;15
sp_32;15
sp_32;15
sp_32;15
sp_32;15
sp_32;15
sp_32;16
sp_32;16
sp_32;16
sp_32;16
sp_32;16
sp_32;16
sp_32;16
sp_32;16
sp_32;16
sp_36;17
sp_36;17
sp_36;17
sp_36;17
sp_36;17
sp_36;17
sp_36;17
sp_36;17
sp_36;17
sp_36;18
sp_36;18
sp_36;18
sp_36;18
sp_36;18
sp_36;18
sp_36;18
sp_36;18
sp_36;18
sp_12;19
sp_12;19
sp_12;19
sp_12;19
sp_12;19
sp_12;19
sp_12;19
sp_12;19
sp_12;19
sp_38;20
sp_38;20
sp_38;20
sp_38;20
sp_38;20
sp_38;20
sp_38;20
sp_38;20
sp_38;20
sp_38;21
sp_38;21
sp_38;21
sp_38;21
sp_38;21
sp_38;21
sp_38;21
sp_38;21
sp_38;21
sp_38;22
sp_38;22
sp_38;22
sp_38;22
sp_38;22
sp_38;22
sp_38;22
sp_38;22
sp_38;22
sp_40;23
sp_40;23
sp_40;23
sp_40;23
sp_40;23
sp_40;23
sp_40;23
sp_40;23
sp_40;23
sp_40;24
sp_40;24
sp_40;24
sp_40;24
sp_40;24
sp_40;24
sp_40;24
sp_40;24
sp_40;24
sp_32;25
sp_32;25
sp_32;25
sp_32;25
sp_32;25
sp_32;25
sp_32;25
sp_32;25
sp_32;25
sp_32;26
sp_32;26
sp_32;26
sp_32;26
sp_32;26
sp_32;26
sp_32;26
sp_32;26
sp_32;26
sp_13;27
sp_13;27
sp_13;27
sp_13;27
sp_13;27
sp_13;27
sp_13;27
sp_13;27
sp_13;27
sp_42;28
sp_42;28
sp_42;28
sp_42;28
sp_42;28
sp_42;28
sp_42;28
sp_42;28
sp_42;28
sp_42;29
sp_42;29
sp_42;29
sp_42;29
sp_42;29
sp_42;29
sp_42;29
sp_42;29
sp_42;29
sp_36;30
sp_36;30
sp_36;30
sp_36;30
sp_36;30
sp_36;30
sp_36;30
sp_36;30
sp_36;30
sp_39;31
sp_39;31
sp_39;31
sp_39;31
sp_39;31
sp_39;31
sp_39;31
sp_39;31
sp_39;31
sp_39;32
sp_39;32
sp_39;32
sp_39;32
sp_39;32
sp_39;32
sp_39;32
sp_39;32
sp_39;32
sp_35;33
sp_35;33
sp_35;33
sp_35;33
sp_35;33
sp_35;33
sp_35;33
sp_35;33
sp_35;33
sp_35;34
sp_35;34
sp_35;34
sp_35;34
sp_35;34
sp_35;34
sp_35;34
sp_35;34
sp_35;34
sp_35;35
sp_35;35
sp_35;35
sp_35;35
sp_35;35
sp_35;35
sp_35;35
sp_35;35
sp_35;35
sp_35;36
sp_35;36
sp_35;36
sp_35;36
sp_35;36
sp_35;36
sp_35;36
sp_35;36
sp_35;36
sp_35;37
sp_35;37
sp_35;37
sp_35;37
sp_35;37
sp_35;37
sp_35;37
sp_35;37
sp_35;37
sp_35;38
sp_35;38
sp_35;38
sp_35;38
sp_35;38
sp_35;38
sp_35;38
sp_35;38
sp_35;38
sp_35;39
sp_35;39
sp_35;39
sp_35;39
sp_35;39
sp_35;39
sp_35;39
sp_35;39
sp_35;39
sp_13;40
sp_13;40
sp_13;40
sp_13;40
sp_13;40
sp_13;40
sp_13;40
sp_13;40
sp_13;40
sp_32;41
sp_32;41
sp_32;41
sp_32;41
sp_32;41
sp_32;41
sp_32;41
sp_32;41
sp_32;41
sp_13;42
sp_13;42
sp_13;42
sp_13;42
sp_13;42
sp_13;42
sp_13;42
sp_13;42
sp_13;42
sp_13;43
sp_13;43
sp_13;43
sp_13;43
sp_13;43
sp_13;43
sp_13;43
sp_13;43
sp_13;43
sp_39;44
sp_39;44
sp_39;44
sp_39;44
sp_39;44
sp_39;44
sp_39;44
sp_39;44
sp_39;44
sp_41;45
sp_41;45
sp_41;45
sp_41;45
sp_41;45
sp_41;45
sp_41;45
sp_41;45
sp_41;45
sp_41;46
sp_41;46
sp_41;46
sp_41;46
sp_41;46
sp_41;46
sp_41;46
sp_41;46
sp_41;46
sp_39;47
sp_39;47
sp_39;47
sp_39;47
sp_39;47
sp_39;47
sp_39;47
sp_39;47
sp_39;47
sp_34;48
sp_34;48
sp_34;48
sp_34;48
sp_34;48
sp_34;48
sp_34;48
sp_34;48
sp_34;48
sp_33;49
sp_33;49
sp_33;49
sp_33;49
sp_33;49
sp_33;49
sp_33;49
sp_33;49
sp_33;49
sp_35;50
sp_35;50
sp_35;50
sp_35;50
sp_35;50
sp_35;50
sp_35;50
sp_35;50
sp_35;50
sp_40;51
sp_40;51
sp_40;51
sp_40;51
sp_40;51
sp_40;51
sp_40;51
sp_40;51
sp_40;51
sp_12;52
sp_12;52
sp_12;52
sp_12;52
sp_12;52
sp_12;52
sp_12;52
sp_12;52
sp_12;52
sp_13;53
sp_13;53
sp_13;53
sp_13;53
sp_13;53
sp_13;53
sp_13;53
sp_13;53
sp_13;53
sp_39;54
sp_39;54
sp_39;54
sp_39;54
sp_39;54
sp_39;54
sp_39;54
sp_39;54
sp_39;54
sp_32;55
sp_32;55
sp_32;55
sp_32;55
sp_32;55
sp_32;55
sp_32;55
sp_32;55
sp_32;55
sp_32;56
sp_32;56
sp_32;56
sp_32;56
sp_32;56
sp_32;56
sp_32;56
sp_32;56
sp_32;56
sp_35;57
sp_35;57
sp_35;57
sp_35;57
sp_35;57
sp_35;57
sp_35;57
sp_35;57
sp_35;57
sp_35;58
sp_35;58
sp_35;58
sp_35;58
sp_35;58
sp_35;58
sp_35;58
sp_35;58
sp_35;58
sp_39;59
sp_39;59
sp_39;59
sp_39;59
sp_39;59
sp_39;59
sp_39;59
sp_39;59
sp_39;59
sp_40;60
sp_40;60
sp_40;60
sp_40;60
sp_40;60
sp_40;60
sp_40;60
sp_40;60
sp_40;60
sp_40;61
sp_40;61
sp_40;61
sp_40;61
sp_40;61
sp_40;61
sp_40;61
sp_40;61
sp_40;61
sp_40;62
sp_40;62
sp_40;62
sp_40;62
sp_40;62
sp_40;62
sp_40;62
sp_40;62
sp_40;62
sp_40;63
sp_40;63
sp_40;63
sp_40;63
sp_40;63
sp_40;63
sp_40;63
sp_40;63
sp_40;63
sp_41;64
sp_41;64
sp_41;64
sp_41;64
sp_41;64
sp_41;64
sp_41;64
sp_41;64
sp_41;64
sp_41;65
sp_41;65
sp_41;65
sp_41;65
sp_41;65
sp_41;65
sp_41;65
sp_41;65
sp_41;65
sp_41;66
sp_41;66
sp_41;66
sp_41;66
sp_41;66
sp_41;66
sp_41;66
sp_41;66
sp_41;66
sp_33;67
sp_33;67
sp_33;67
sp_33;67
sp_33;67
sp_33;67
sp_33;67
sp_33;67
sp_33;67
sp_32;68
sp_32;68
sp_32;68
sp_32;68
sp_32;68
sp_32;68
sp_32;68
sp_32;68
sp_32;68
sp_34;69
sp_34;69
sp_34;69
sp_34;69
sp_34;69
sp_34;69
sp_34;69
sp_34;69
sp_34;69
sp_34;70
sp_34;70
sp_34;70
sp_34;70
sp_34;70
sp_34;70
sp_34;70
sp_34;70
sp_34;70
sp_42;71
sp_42;71
sp_42;71
sp_42;71
sp_42;71
sp_42;71
sp_42;71
sp_42;71
sp_42;71
sp_42;72
sp_42;72
sp_42;72
sp_42;72
sp_42;72
sp_42;72
sp_42;72
sp_42;72
sp_42;72
sp_42;73
sp_42;73
sp_42;73
sp_42;73
sp_42;73
sp_42;73
sp_42;73
sp_42;73
sp_42;73
sp_36;74
sp_36;74
sp_36;74
sp_36;74
sp_36;74
sp_36;74
sp_36;74
sp_36;74
sp_36;74
sp_33;75
sp_33;75
sp_33;75
sp_33;75
sp_33;75
sp_33;75
sp_33;75
sp_33;75
sp_33;75
sp_34;76
sp_34;76
sp_34;76
sp_34;76
sp_34;76
sp_34;76
sp_34;76
sp_34;76
sp_34;76
sp_33;77
sp_33;77
sp_33;77
sp_33;77
sp_33;77
sp_33;77
sp_33;77
sp_33;77
sp_33;77
sp_31;78
sp_31;78
sp_31;78
sp_31;78
sp_31;78
sp_31;78
sp_31;78
sp_31;78
sp_31;78
sp_31;79
sp_31;79
sp_31;79
sp_31;79
sp_31;79
sp_31;79
sp_31;79
sp_31;79
sp_31;79
sp_33;80
sp_33;80
sp_33;80
sp_33;80
sp_33;80
sp_33;80
sp_33;80
sp_33;80
sp_33;80
sp_33;81
sp_33;81
sp_33;81
sp_33;81
sp_33;81
sp_33;81
sp_33;81
sp_33;81
sp_33;81
sp_36;82
sp_36;82
sp_36;82
sp_36;82
sp_36;82
sp_36;82
sp_36;82
sp_36;82
sp_36;82
sp_12;83
sp_12;83
sp_12;83
sp_12;83
sp_12;83
sp_12;83
sp_12;83
sp_12;83
sp_12;83
sp_42;84
sp_42;84
sp_42;84
sp_42;84
sp_42;84
sp_42;84
sp_42;84
sp_42;84
sp_42;84
sp_42;85
sp_42;85
sp_42;85
sp_42;85
sp_42;85
sp_42;85
sp_42;85
sp_42;85
sp_42;85
sp_38;86
sp_38;86
sp_38;86
sp_38;86
sp_38;86
sp_38;86
sp_38;86
sp_38;86
sp_38;86
sp_36;87
sp_36;87
sp_36;87
sp_36;87
sp_36;87
sp_36;87
sp_36;87
sp_36;87
sp_36;87
sp_36;88
sp_36;88
sp_36;88
sp_36;88
sp_36;88
sp_36;88
sp_36;88
sp_36;88
sp_36;88
sp_36;89
sp_36;89
sp_36;89
sp_36;89
sp_36;89
sp_36;89
sp_36;89
sp_36;89
sp_36;89
sp_36;90
sp_36;90
sp_36;90
sp_36;90
sp_36;90
sp_36;90
sp_36;90
sp_36;90
sp_36;90
sp_38;91
sp_38;91
sp_38;91
sp_38;91
sp_38;91
sp_38;91
sp_38;91
sp_38;91
sp_38;91
sp_38;92
sp_38;92
sp_38;92
sp_38;92
sp_38;92
sp_38;92
sp_38;92
sp_38;92
sp_38;92
sp_42;93
sp_42;93
sp_42;93
sp_42;93
sp_42;93
sp_42;93
sp_42;93
sp_42;93
sp_42;93
sp_41;94
sp_41;94
sp_41;94
sp_41;94
sp_41;94
sp_41;94
sp_41;94
sp_41;94
sp_41;94
sp_31;95
sp_31;95
sp_31;95
sp_31;95
sp_31;95
sp_31;95
sp_31;95
sp_31;95
sp_31;95
sp_31;96
sp_31;96
sp_31;96
sp_31;96
sp_31;96
sp_31;96
sp_31;96
sp_31;96
sp_31;96
sp_31;97
sp_31;97
sp_31;97
sp_31;97
sp_31;97
sp_31;97
sp_31;97
sp_31;97
sp_31;97
sp_13;98
sp_13;98
sp_13;98
sp_13;98
sp_13;98
sp_13;98
sp_13;98
sp_13;98
sp_13;98
sp_38;99
sp_38;99
sp_38;99
sp_38;99
sp_38;99
sp_38;99
sp_38;99
sp_38;99
sp_38;99
sp_34;100
sp_34;100
sp_34;100
sp_34;100
sp_34;100
sp_34;100
sp_34;100
sp_34;100
sp_34;100
sp_31;101
sp_31;101
sp_31;101
sp_31;101
sp_31;101
sp_31;101
sp_31;101
sp_31;101
sp_31;101
sp_31;102
sp_31;102
sp_31;102
sp_31;102
sp_31;102
sp_31;102
sp_31;102
sp_31;102
sp_31;102
sp_31;103
sp_31;103
sp_31;103
sp_31;103
sp_31;103
sp_31;103
sp_31;103
sp_31;103
sp_31;103
sp_4;104
sp_4;104
sp_4;104
sp_4;104
sp_4;104
sp_4;104
sp_4;104
sp_4;104
sp_4;104
sp_13;105
sp_13;105
sp_13;105
sp_13;105
sp_13;105
sp_13;105
sp_13;105
sp_13;105
sp_13;105
sp_13;106
sp_13;106
sp_13;106
sp_13;106
sp_13;106
sp_13;106
sp_13;106
sp_13;106
sp_13;106
sp_32;107
sp_32;107
sp_32;107
sp_32;107
sp_32;107
sp_32;107
sp_32;107
sp_32;107
sp_32;107
sp_41;108
sp_41;108
sp_41;108
sp_41;108
sp_41;108
sp_41;108
sp_41;108
sp_41;108
sp_41;108
sp_39;109
sp_39;109
sp_39;109
sp_39;109
sp_39;109
sp_39;109
sp_39;109
sp_39;109
sp_39;109
sp_12;110
sp_12;110
sp_12;110
sp_12;110
sp_12;110
sp_12;110
sp_12;110
sp_12;110
sp_12;110
sp_12;111
sp_12;111
sp_12;111
sp_12;111
sp_12;111
sp_12;111
sp_12;111
sp_12;111
sp_12;111
sp_13;112
sp_13;112
sp_13;112
sp_13;112
sp_13;112
sp_13;112
sp_13;112
sp_13;112
sp_13;112
sp_13;113
sp_13;113
sp_13;113
sp_13;113
sp_13;113
sp_13;113
sp_13;113
sp_13;113
sp_13;113
sp_12;114
sp_12;114
sp_12;114
sp_12;114
sp_12;114
sp_12;114
sp_12;114
sp_12;114
sp_12;114
sp_12;115
sp_12;115
sp_12;115
sp_12;115
sp_12;115
sp_12;115
sp_12;115
sp_12;115
sp_12;115
sp_31;116
sp_31;116
sp_31;116
sp_31;116
sp_31;116
sp_31;116
sp_31;116
sp_31;116
sp_31;116
sp_2;117
sp_2;117
sp_2;117
sp_2;117
sp_2;117
sp_2;117
sp_2;117
sp_2;117
sp_2;117
sp_22;118
sp_22;118
sp_22;118
sp_22;118
sp_22;118
sp_22;118
sp_22;118
sp_22;118
sp_22;118
sp_22;119
sp_22;119
sp_22;119
sp_22;119
sp_22;119
sp_22;119
sp_22;119
sp_22;119
sp_22;119
sp_22;120
sp_22;120
sp_22;120
sp_22;120
sp_22;120
sp_22;120
sp_22;120
sp_22;120
sp_22;120
sp_29;121
sp_29;121
sp_29;121
sp_29;121
sp_29;121
sp_29;121
sp_29;121
sp_29;121
sp_29;121
sp_29;122
sp_29;122
sp_29;122
sp_29;122
sp_29;122
sp_29;122
sp_29;122
sp_29;122
sp_29;122
sp_30;123
sp_30;123
sp_30;123
sp_30;123
sp_30;123
sp_30;123
sp_30;123
sp_30;123
sp_30;123
sp_30;124
sp_30;124
sp_30;124
sp_30;124
sp_30;124
sp_30;124
sp_30;124
sp_30;124
sp_30;124
sp_1;125
sp_1;125
sp_1;125
sp_1;125
sp_1;125
sp_1;125
sp_1;125
sp_1;125
sp_1;125
sp_10;126
sp_10;126
sp_10;126
sp_10;126
sp_10;126
sp_10;126
sp_10;126
sp_10;126
sp_10;126
sp_10;127
sp_10;127
sp_10;127
sp_10;127
sp_10;127
sp_10;127
sp_10;127
sp_10;127
sp_10;127
sp_14;128
sp_14;128
sp_14;128
sp_14;128
sp_14;128
sp_14;128
sp_14;128
sp_14;128
sp_14;128
sp_10;129
sp_10;129
sp_10;129
sp_10;129
sp_10;129
sp_10;129
sp_10;129
sp_10;129
sp_10;129
sp_26;130
sp_26;130
sp_26;130
sp_26;130
sp_26;130
sp_26;130
sp_26;130
sp_26;130
sp_26;130
sp_26;131
sp_26;131
sp_26;131
sp_26;131
sp_26;131
sp_26;131
sp_26;131
sp_26;131
sp_26;131
sp_26;132
sp_26;132
sp_26;132
sp_26;132
sp_26;132
sp_26;132
sp_26;132
sp_26;132
sp_26;132
sp_14;133
sp_14;133
sp_14;133
sp_14;133
sp_14;133
sp_14;133
sp_14;133
sp_14;133
sp_14;133
sp_30;134
sp_30;134
sp_30;134
sp_30;134
sp_30;134
sp_30;134
sp_30;134
sp_30;134
sp_30;134
sp_37;135
sp_37;135
sp_37;135
sp_37;135
sp_37;135
sp_37;135
sp_37;135
sp_37;135
sp_37;135
sp_18;136
sp_18;136
sp_18;136
sp_18;136
sp_18;136
sp_18;136
sp_18;136
sp_18;136
sp_18;136
sp_18;137
sp_18;137
sp_18;137
sp_18;137
sp_18;137
sp_18;137
sp_18;137
sp_18;137
sp_18;137
sp_18;138
sp_18;138
sp_18;138
sp_18;138
sp_18;138
sp_18;138
sp_18;138
sp_18;138
sp_18;138
sp_18;139
sp_18;139
sp_18;139
sp_18;139
sp_18;139
sp_18;139
sp_18;139
sp_18;139
sp_18;139
sp_11;140
sp_11;140
sp_11;140
sp_11;140
sp_11;140
sp_11;140
sp_11;140
sp_11;140
sp_11;140
sp_11;141
sp_11;141
sp_11;141
sp_11;141
sp_11;141
sp_11;141
sp_11;141
sp_11;141
sp_11;141
sp_30;142
sp_30;142
sp_30;142
sp_30;142
sp_30;142
sp_30;142
sp_30;142
sp_30;142
sp_30;142
sp_11;143
sp_11;143
sp_11;143
sp_11;143
sp_11;143
sp_11;143
sp_11;143
sp_11;143
sp_11;143
sp_11;144
sp_11;144
sp_11;144
sp_11;144
sp_11;144
sp_11;144
sp_11;144
sp_11;144
sp_11;144
sp_30;145
sp_30;145
sp_30;145
sp_30;145
sp_30;145
sp_30;145
sp_30;145
sp_30;145
sp_30;145
sp_11;146
sp_11;146
sp_11;146
sp_11;146
sp_11;146
sp_11;146
sp_11;146
sp_11;146
sp_11;146
sp_22;147
sp_22;147
sp_22;147
sp_22;147
sp_22;147
sp_22;147
sp_22;147
sp_22;147
sp_22;147
sp_22;148
sp_22;148
sp_22;148
sp_22;148
sp_22;148
sp_22;148
sp_22;148
sp_22;148
sp_22;148
sp_37;149
sp_37;149
sp_37;149
sp_37;149
sp_37;149
sp_37;149
sp_37;149
sp_37;149
sp_37;149
sp_21;150
sp_21;150
sp_21;150
sp_21;150
sp_21;150
sp_21;150
sp_21;150
sp_21;150
sp_21;150
sp_1;151
sp_1;151
sp_1;151
sp_1;151
sp_1;151
sp_1;151
sp_1;151
sp_1;151
sp_1;151
sp_1;152
sp_1;152
sp_1;152
sp_1;152
sp_1;152
sp_1;152
sp_1;152
sp_1;152
sp_1;152
sp_1;153
sp_1;153
sp_1;153
sp_1;153
sp_1;153
sp_1;153
sp_1;153
sp_1;153
sp_1;153
sp_1;154
sp_1;154
sp_1;154
sp_1;154
sp_1;154
sp_1;154
sp_1;154
sp_1;154
sp_1;154
sp_14;155
sp_14;155
sp_14;155
sp_14;155
sp_14;155
sp_14;155
sp_14;155
sp_14;155
sp_14;155
sp_16;156
sp_16;156
sp_16;156
sp_16;156
sp_16;156
sp_16;156
sp_16;156
sp_16;156
sp_16;156
sp_23;157
sp_23;157
sp_23;157
sp_23;157
sp_23;157
sp_23;157
sp_23;157
sp_23;157
sp_23;157
sp_23;158
sp_23;158
sp_23;158
sp_23;158
sp_23;158
sp_23;158
sp_23;158
sp_23;158
sp_23;158
sp_23;159
sp_23;159
sp_23;159
sp_23;159
sp_23;159
sp_23;159
sp_23;159
sp_23;159
sp_23;159
sp_15;160
sp_15;160
sp_15;160
sp_15;160
sp_15;160
sp_15;160
sp_15;160
sp_15;160
sp_15;160
sp_23;161
sp_23;161
sp_23;161
sp_23;161
sp_23;161
sp_23;161
sp_23;161
sp_23;161
sp_23;161
sp_20;162
sp_20;162
sp_20;162
sp_20;162
sp_20;162
sp_20;162
sp_20;162
sp_20;162
sp_20;162
sp_27;163
sp_27;163
sp_27;163
sp_27;163
sp_27;163
sp_27;163
sp_27;163
sp_27;163
sp_27;163
sp_24;164
sp_24;164
sp_24;164
sp_24;164
sp_24;164
sp_24;164
sp_24;164
sp_24;164
sp_24;164
sp_27;165
sp_27;165
sp_27;165
sp_27;165
sp_27;165
sp_27;165
sp_27;165
sp_27;165
sp_27;165
sp_15;166
sp_15;166
sp_15;166
sp_15;166
sp_15;166
sp_15;166
sp_15;166
sp_15;166
sp_15;166
sp_24;167
sp_24;167
sp_24;167
sp_24;167
sp_24;167
sp_24;167
sp_24;167
sp_24;167
sp_24;167
sp_24;168
sp_24;168
sp_24;168
sp_24;168
sp_24;168
sp_24;168
sp_24;168
sp_24;168
sp_24;168
sp_15;169
sp_15;169
sp_15;169
sp_15;169
sp_15;169
sp_15;169
sp_15;169
sp_15;169
sp_15;169
sp_29;170
sp_29;170
sp_29;170
sp_29;170
sp_29;170
sp_29;170
sp_29;170
sp_29;170
sp_29;170
sp_29;171
sp_29;171
sp_29;171
sp_29;171
sp_29;171
sp_29;171
sp_29;171
sp_29;171
sp_29;171
sp_29;172
sp_29;172
sp_29;172
sp_29;172
sp_29;172
sp_29;172
sp_29;172
sp_29;172
sp_29;172
sp_29;173
sp_29;173
sp_29;173
sp_29;173
sp_29;173
sp_29;173
sp_29;173
sp_29;173
sp_29;173
sp_2;174
sp_2;174
sp_2;174
sp_2;174
sp_2;174
sp_2;174
sp_2;174
sp_2;174
sp_2;174
sp_26;175
sp_26;175
sp_26;175
sp_26;175
sp_26;175
sp_26;175
sp_26;175
sp_26;175
sp_26;175
sp_27;176
sp_27;176
sp_27;176
sp_27;176
sp_27;176
sp_27;176
sp_27;176
sp_27;176
sp_27;176
sp_37;177
sp_37;177
sp_37;177
sp_37;177
sp_37;177
sp_37;177
sp_37;177
sp_37;177
sp_37;177
sp_1;178
sp_1;178
sp_1;178
sp_1;178
sp_1;178
sp_1;178
sp_1;178
sp_1;178
sp_1;178
sp_3;179
sp_3;179
sp_3;179
sp_3;179
sp_3;179
sp_3;179
sp_3;179
sp_3;179
sp_3;179
sp_37;180
sp_37;180
sp_37;180
sp_37;180
sp_37;180
sp_37;180
sp_37;180
sp_37;180
sp_37;180
sp_4;181
sp_4;181
sp_4;181
sp_4;181
sp_4;181
sp_4;181
sp_4;181
sp_4;181
sp_4;181
sp_26;182
sp_26;182
sp_26;182
sp_26;182
sp_26;182
sp_26;182
sp_26;182
sp_26;182
sp_26;182
sp_26;183
sp_26;183
sp_26;183
sp_26;183
sp_26;183
sp_26;183
sp_26;183
sp_26;183
sp_26;183
sp_26;184
sp_26;184
sp_26;184
sp_26;184
sp_26;184
sp_26;184
sp_26;184
sp_26;184
sp_26;184
sp_26;185
sp_26;185
sp_26;185
sp_26;185
sp_26;185
sp_26;185
sp_26;185
sp_26;185
sp_26;185
sp_22;186
sp_22;186
sp_22;186
sp_22;186
sp_22;186
sp_22;186
sp_22;186
sp_22;186
sp_22;186
sp_25;187
sp_25;187
sp_25;187
sp_25;187
sp_25;187
sp_25;187
sp_25;187
sp_25;187
sp_25;187
sp_20;188
sp_20;188
sp_20;188
sp_20;188
sp_20;188
sp_20;188
sp_20;188
sp_20;188
sp_20;188
sp_15;189
sp_15;189
sp_15;189
sp_15;189
sp_15;189
sp_15;189
sp_15;189
sp_15;189
sp_15;189
sp_24;190
sp_24;190
sp_24;190
sp_24;190
sp_24;190
sp_24;190
sp_24;190
sp_24;190
sp_24;190
sp_24;191
sp_24;191
sp_24;191
sp_24;191
sp_24;191
sp_24;191
sp_24;191
sp_24;191
sp_24;191
sp_24;192
sp_24;192
sp_24;192
sp_24;192
sp_24;192
sp_24;192
sp_24;192
sp_24;192
sp_24;192
sp_24;193
sp_24;193
sp_24;193
sp_24;193
sp_24;193
sp_24;193
sp_24;193
sp_24;193
sp_24;193
sp_24;194
sp_24;194
sp_24;194
sp_24;194
sp_24;194
sp_24;194
sp_24;194
sp_24;194
sp_24;194
sp_30;195
sp_30;195
sp_30;195
sp_30;195
sp_30;195
sp_30;195
sp_30;195
sp_30;195
sp_30;195
sp_3;196
sp_3;196
sp_3;196
sp_3;196
sp_3;196
sp_3;196
sp_3;196
sp_3;196
sp_3;196
sp_3;197
sp_3;197
sp_3;197
sp_3;197
sp_3;197
sp_3;197
sp_3;197
sp_3;197
sp_3;197
sp_3;198
sp_3;198
sp_3;198
sp_3;198
sp_3;198
sp_3;198
sp_3;198
sp_3;198
sp_3;198
sp_3;199
sp_3;199
sp_3;199
sp_3;199
sp_3;199
sp_3;199
sp_3;199
sp_3;199
sp_3;199
sp_4;200
sp_4;200
sp_4;200
sp_4;200
sp_4;200
sp_4;200
sp_4;200
sp_4;200
sp_4;200
sp_4;201
sp_4;201
sp_4;201
sp_4;201
sp_4;201
sp_4;201
sp_4;201
sp_4;201
sp_4;201
sp_3;202
sp_3;202
sp_3;202
sp_3;202
sp_3;202
sp_3;202
sp_3;202
sp_3;202
sp_3;202
sp_2;203
sp_2;203
sp_2;203
sp_2;203
sp_2;203
sp_2;203
sp_2;203
sp_2;203
sp_2;203
sp_2;204
sp_2;204
sp_2;204
sp_2;204
sp_2;204
sp_2;204
sp_2;204
sp_2;204
sp_2;204
sp_20;205
sp_20;205
sp_20;205
sp_20;205
sp_20;205
sp_20;205
sp_20;205
sp_20;205
sp_20;205
sp_26;206
sp_26;206
sp_26;206
sp_26;206
sp_26;206
sp_26;206
sp_26;206
sp_26;206
sp_26;206
sp_1;207
sp_1;207
sp_1;207
sp_1;207
sp_1;207
sp_1;207
sp_1;207
sp_1;207
sp_1;207
sp_23;208
sp_23;208
sp_23;208
sp_23;208
sp_23;208
sp_23;208
sp_23;208
sp_23;208
sp_23;208
sp_1;209
sp_1;209
sp_1;209
sp_1;209
sp_1;209
sp_1;209
sp_1;209
sp_1;209
sp_1;209
sp_22;210
sp_22;210
sp_22;210
sp_22;210
sp_22;210
sp_22;210
sp_22;210
sp_22;210
sp_22;210
sp_23;211
sp_23;211
sp_23;211
sp_23;211
sp_23;211
sp_23;211
sp_23;211
sp_23;211
sp_23;211
sp_37;212
sp_37;212
sp_37;212
sp_37;212
sp_37;212
sp_37;212
sp_37;212
sp_37;212
sp_37;212
sp_23;213
sp_23;213
sp_23;213
sp_23;213
sp_23;213
sp_23;213
sp_23;213
sp_23;213
sp_23;213
sp_37;214
sp_37;214
sp_37;214
sp_37;214
sp_37;214
sp_37;214
sp_37;214
sp_37;214
sp_37;214
sp_10;215
sp_10;215
sp_10;215
sp_10;215
sp_10;215
sp_10;215
sp_10;215
sp_10;215
sp_10;215
sp_22;216
sp_22;216
sp_22;216
sp_22;216
sp_22;216
sp_22;216
sp_22;216
sp_22;216
sp_22;216
sp_26;217
sp_26;217
sp_26;217
sp_26;217
sp_26;217
sp_26;217
sp_26;217
sp_26;217
sp_26;217
sp_37;218
sp_37;218
sp_37;218
sp_37;218
sp_37;218
sp_37;218
sp_37;218
sp_37;218
sp_37;218
sp_16;219
sp_16;219
sp_16;219
sp_16;219
sp_16;219
sp_16;219
sp_16;219
sp_16;219
sp_16;219
sp_22;220
sp_22;220
sp_22;220
sp_22;220
sp_22;220
sp_22;220
sp_22;220
sp_22;220
sp_22;220
sp_16;221
sp_16;221
sp_16;221
sp_16;221
sp_16;221
sp_16;221
sp_16;221
sp_16;221
sp_16;221
sp_22;222
sp_22;222
sp_22;222
sp_22;222
sp_22;222
sp_22;222
sp_22;222
sp_22;222
sp_22;222
sp_37;223
sp_37;223
sp_37;223
sp_37;223
sp_37;223
sp_37;223
sp_37;223
sp_37;223
sp_37;223
sp_16;224
sp_16;224
sp_16;224
sp_16;224
sp_16;224
sp_16;224
sp_16;224
sp_16;224
sp_16;224
sp_37;225
sp_37;225
sp_37;225
sp_37;225
sp_37;225
sp_37;225
sp_37;225
sp_37;225
sp_37;225
sp_25;226
sp_25;226
sp_25;226
sp_25;226
sp_25;226
sp_25;226
sp_25;226
sp_25;226
sp_25;226
sp_25;227
sp_25;227
sp_25;227
sp_25;227
sp_25;227
sp_25;227
sp_25;227
sp_25;227
sp_25;227
sp_25;228
sp_25;228
sp_25;228
sp_25;228
sp_25;228
sp_25;228
sp_25;228
sp_25;228
sp_25;228
sp_20;229
sp_20;229
sp_20;229
sp_20;229
sp_20;229
sp_20;229
sp_20;229
sp_20;229
sp_20;229
sp_20;230
sp_20;230
sp_20;230
sp_20;230
sp_20;230
sp_20;230
sp_20;230
sp_20;230
sp_20;230
sp_21;231
sp_21;231
sp_21;231
sp_21;231
sp_21;231
sp_21;231
sp_21;231
sp_21;231
sp_21;231
sp_25;232
sp_25;232
sp_25;232
sp_25;232
sp_25;232
sp_25;232
sp_25;232
sp_25;232
sp_25;232
sp_21;233
sp_21;233
sp_21;233
sp_21;233
sp_21;233
sp_21;233
sp_21;233
sp_21;233
sp_21;233
sp_22;234
sp_22;234
sp_22;234
sp_22;234
sp_22;234
sp_22;234
sp_22;234
sp_22;234
sp_22;234
sp_1;235
sp_1;235
sp_1;235
sp_1;235
sp_1;235
sp_1;235
sp_1;235
sp_1;235
sp_1;235
sp_3;236
sp_3;236
sp_3;236
sp_3;236
sp_3;236
sp_3;236
sp_3;236
sp_3;236
sp_3;236
sp_1;237
sp_1;237
sp_1;237
sp_1;237
sp_1;237
sp_1;237
sp_1;237
sp_1;237
sp_1;237
sp_10;238
sp_10;238
sp_10;238
sp_10;238
sp_10;238
sp_10;238
sp_10;238
sp_10;238
sp_10;238
sp_21;239
sp_21;239
sp_21;239
sp_21;239
sp_21;239
sp_21;239
sp_21;239
sp_21;239
sp_21;239
sp_27;240
sp_27;240
sp_27;240
sp_27;240
sp_27;240
sp_27;240
sp_27;240
sp_27;240
sp_27;240
sp_28;241
sp_28;241
sp_28;241
sp_28;241
sp_28;241
sp_28;241
sp_28;241
sp_28;241
sp_28;241
sp_20;242
sp_20;242
sp_20;242
sp_20;242
sp_20;242
sp_20;242
sp_20;242
sp_20;242
sp_20;242
sp_30;243
sp_30;243
sp_30;243
sp_30;243
sp_30;243
sp_30;243
sp_30;243
sp_30;243
sp_30;243
sp_23;244
sp_23;244
sp_23;244
sp_23;244
sp_23;244
sp_23;244
sp_23;244
sp_23;244
sp_23;244
sp_37;245
sp_37;245
sp_37;245
sp_37;245
sp_37;245
sp_37;245
sp_37;245
sp_37;245
sp_37;245
sp_21;246
sp_21;246
sp_21;246
sp_21;246
sp_21;246
sp_21;246
sp_21;246
sp_21;246
sp_21;246
sp_21;247
sp_21;247
sp_21;247
sp_21;247
sp_21;247
sp_21;247
sp_21;247
sp_21;247
sp_21;247
sp_28;248
sp_28;248
sp_28;248
sp_28;248
sp_28;248
sp_28;248
sp_28;248
sp_28;248
sp_28;248
sp_28;249
sp_28;249
sp_28;249
sp_28;249
sp_28;249
sp_28;249
sp_28;249
sp_28;249
sp_28;249
sp_15;250
sp_15;250
sp_15;250
sp_15;250
sp_15;250
sp_15;250
sp_15;250
sp_15;250
sp_15;250
sp_2;251
sp_2;251
sp_2;251
sp_2;251
sp_2;251
sp_2;251
sp_2;251
sp_2;251
sp_2;251
sp_3;252
sp_3;252
sp_3;252
sp_3;252
sp_3;252
sp_3;252
sp_3;252
sp_3;252
sp_3;252
sp_22;253
sp_22;253
sp_22;253
sp_22;253
sp_22;253
sp_22;253
sp_22;253
sp_22;253
sp_22;253
sp_10;254
sp_10;254
sp_10;254
sp_10;254
sp_10;254
sp_10;254
sp_10;254
sp_10;254
sp_10;254
sp_26;255
sp_26;255
sp_26;255
sp_26;255
sp_26;255
sp_26;255
sp_26;255
sp_26;255
sp_26;255
sp_28;256
sp_28;256
sp_28;256
sp_28;256
sp_28;256
sp_28;256
sp_28;256
sp_28;256
sp_28;256
sp_20;257
sp_20;257
sp_20;257
sp_20;257
sp_20;257
sp_20;257
sp_20;257
sp_20;257
sp_20;257
sp_18;258
sp_18;258
sp_18;258
sp_18;258
sp_18;258
sp_18;258
sp_18;258
sp_18;258
sp_18;258
sp_18;259
sp_18;259
sp_18;259
sp_18;259
sp_18;259
sp_18;259
sp_18;259
sp_18;259
sp_18;259
sp_15;260
sp_15;260
sp_15;260
sp_15;260
sp_15;260
sp_15;260
sp_15;260
sp_15;260
sp_15;260
sp_15;261
sp_15;261
sp_15;261
sp_15;261
sp_15;261
sp_15;261
sp_15;261
sp_15;261
sp_15;261
sp_15;262
sp_15;262
sp_15;262
sp_15;262
sp_15;262
sp_15;262
sp_15;262
sp_15;262
sp_15;262
sp_27;263
sp_27;263
sp_27;263
sp_27;263
sp_27;263
sp_27;263
sp_27;263
sp_27;263
sp_27;263
sp_27;264
sp_27;264
sp_27;264
sp_27;264
sp_27;264
sp_27;264
sp_27;264
sp_27;264
sp_27;264
sp_15;265
sp_15;265
sp_15;265
sp_15;265
sp_15;265
sp_15;265
sp_15;265
sp_15;265
sp_15;265
sp_27;266
sp_27;266
sp_27;266
sp_27;266
sp_27;266
sp_27;266
sp_27;266
sp_27;266
sp_27;266
sp_18;267
sp_18;267
sp_18;267
sp_18;267
sp_18;267
sp_18;267
sp_18;267
sp_18;267
sp_18;267
sp_4;268
sp_4;268
sp_4;268
sp_4;268
sp_4;268
sp_4;268
sp_4;268
sp_4;268
sp_4;268
sp_14;269
sp_14;269
sp_14;269
sp_14;269
sp_14;269
sp_14;269
sp_14;269
sp_14;269
sp_14;269
sp_27;270
sp_27;270
sp_27;270
sp_27;270
sp_27;270
sp_27;270
sp_27;270
sp_27;270
sp_27;270
sp_23;271
sp_23;271
sp_23;271
sp_23;271
sp_23;271
sp_23;271
sp_23;271
sp_23;271
sp_23;271
sp_27;272
sp_27;272
sp_27;272
sp_27;272
sp_27;272
sp_27;272
sp_27;272
sp_27;272
sp_27;272
sp_27;273
sp_27;273
sp_27;273
sp_27;273
sp_27;273
sp_27;273
sp_27;273
sp_27;273
sp_27;273
sp_28;274
sp_28;274
sp_28;274
sp_28;274
sp_28;274
sp_28;274
sp_28;274
sp_28;274
sp_28;274
sp_10;275
sp_10;275
sp_10;275
sp_10;275
sp_10;275
sp_10;275
sp_10;275
sp_10;275
sp_10;275
sp_23;276
sp_23;276
sp_23;276
sp_23;276
sp_23;276
sp_23;276
sp_23;276
sp_23;276
sp_23;276
sp_28;277
sp_28;277
sp_28;277
sp_28;277
sp_28;277
sp_28;277
sp_28;277
sp_28;277
sp_28;277
sp_14;278
sp_14;278
sp_14;278
sp_14;278
sp_14;278
sp_14;278
sp_14;278
sp_14;278
sp_14;278
sp_21;279
sp_21;279
sp_21;279
sp_21;279
sp_21;279
sp_21;279
sp_21;279
sp_21;279
sp_21;279
sp_29;280
sp_29;280
sp_29;280
sp_29;280
sp_29;280
sp_29;280
sp_29;280
sp_29;280
sp_29;280
sp_30;281
sp_30;281
sp_30;281
sp_30;281
sp_30;281
sp_30;281
sp_30;281
sp_30;281
sp_30;281
sp_25;282
sp_25;282
sp_25;282
sp_25;282
sp_25;282
sp_25;282
sp_25;282
sp_25;282
sp_25;282
sp_25;283
sp_25;283
sp_25;283
sp_25;283
sp_25;283
sp_25;283
sp_25;283
sp_25;283
sp_25;283
sp_25;284
sp_25;284
sp_25;284
sp_25;284
sp_25;284
sp_25;284
sp_25;284
sp_25;284
sp_25;284
sp_25;285
sp_25;285
sp_25;285
sp_25;285
sp_25;285
sp_25;285
sp_25;285
sp_25;285
sp_25;285
sp_2;286
sp_2;286
sp_2;286
sp_2;286
sp_2;286
sp_2;286
sp_2;286
sp_2;286
sp_2;286
sp_2;287
sp_2;287
sp_2;287
sp_2;287
sp_2;287
sp_2;287
sp_2;287
sp_2;287
sp_2;287
sp_2;288
sp_2;288
sp_2;288
sp_2;288
sp_2;288
sp_2;288
sp_2;288
sp_2;288
sp_2;288
sp_2;289
sp_2;289
sp_2;289
sp_2;289
sp_2;289
sp_2;289
sp_2;289
sp_2;289
sp_2;289
sp_2;290
sp_2;290
sp_2;290
sp_2;290
sp_2;290
sp_2;290
sp_2;290
sp_2;290
sp_2;290
sp_7;291
sp_7;291
sp_7;291
sp_7;291
sp_7;291
sp_7;291
sp_7;291
sp_7;291
sp_7;291
sp_5;292
sp_5;292
sp_5;292
sp_5;292
sp_5;292
sp_5;292
sp_5;292
sp_5;292
sp_5;292
sp_5;293
sp_5;293
sp_5;293
sp_5;293
sp_5;293
sp_5;293
sp_5;293
sp_5;293
sp_5;293
sp_5;294
sp_5;294
sp_5;294
sp_5;294
sp_5;294
sp_5;294
sp_5;294
sp_5;294
sp_5;294
sp_8;295
sp_8;295
sp_8;295
sp_8;295
sp_8;295
sp_8;295
sp_8;295
sp_8;295
sp_8;295
sp_8;296
sp_8;296
sp_8;296
sp_8;296
sp_8;296
sp_8;296
sp_8;296
sp_8;296
sp_8;296
sp_9;297
sp_9;297
sp_9;297
sp_9;297
sp_9;297
sp_9;297
sp_9;297
sp_9;297
sp_9;297
sp_9;298
sp_9;298
sp_9;298
sp_9;298
sp_9;298
sp_9;298
sp_9;298
sp_9;298
sp_9;298
sp_9;299
sp_9;299
sp_9;299
sp_9;299
sp_9;299
sp_9;299
sp_9;299
sp_9;299
sp_9;299
sp_7;300
sp_7;300
sp_7;300
sp_7;300
sp_7;300
sp_7;300
sp_7;300
sp_7;300
sp_7;300
sp_8;301
sp_8;301
sp_8;301
sp_8;301
sp_8;301
sp_8;301
sp_8;301
sp_8;301
sp_8;301
sp_9;302
sp_9;302
sp_9;302
sp_9;302
sp_9;302
sp_9;302
sp_9;302
sp_9;302
sp_9;302
sp_8;303
sp_8;303
sp_8;303
sp_8;303
sp_8;303
sp_8;303
sp_8;303
sp_8;303
sp_8;303
sp_8;304
sp_8;304
sp_8;304
sp_8;304
sp_8;304
sp_8;304
sp_8;304
sp_8;304
sp_8;304
sp_7;305
sp_7;305
sp_7;305
sp_7;305
sp_7;305
sp_7;305
sp_7;305
sp_7;305
sp_7;305
sp_7;306
sp_7;306
sp_7;306
sp_7;306
sp_7;306
sp_7;306
sp_7;306
sp_7;306
sp_7;306
sp_5;307
sp_5;307
sp_5;307
sp_5;307
sp_5;307
sp_5;307
sp_5;307
sp_5;307
sp_5;307
sp_5;308
sp_5;308
sp_5;308
sp_5;308
sp_5;308
sp_5;308
sp_5;308
sp_5;308
sp_5;308
sp_6;309
sp_6;309
sp_6;309
sp_6;309
sp_6;309
sp_6;309
sp_6;309
sp_6;309
sp_6;309
sp_6;310
sp_6;310
sp_6;310
sp_6;310
sp_6;310
sp_6;310
sp_6;310
sp_6;310
sp_6;310
sp_9;311
sp_9;311
sp_9;311
sp_9;311
sp_9;311
sp_9;311
sp_9;311
sp_9;311
sp_9;311
sp_9;312
sp_9;312
sp_9;312
sp_9;312
sp_9;312
sp_9;312
sp_9;312
sp_9;312
sp_9;312
sp_9;313
sp_9;313
sp_9;313
sp_9;313
sp_9;313
sp_9;313
sp_9;313
sp_9;313
sp_9;313
sp_6;314
sp_6;314
sp_6;314
sp_6;314
sp_6;314
sp_6;314
sp_6;314
sp_6;314
sp_6;314
sp_6;315
sp_6;315
sp_6;315
sp_6;315
sp_6;315
sp_6;315
sp_6;315
sp_6;315
sp_6;315
sp_6;316
sp_6;316
sp_6;316
sp_6;316
sp_6;316
sp_6;316
sp_6;316
sp_6;316
sp_6;316
sp_9;317
sp_9;317
sp_9;317
sp_9;317
sp_9;317
sp_9;317
sp_9;317
sp_9;317
sp_9;317
sp_7;318
sp_7;318
sp_7;318
sp_7;318
sp_7;318
sp_7;318
sp_7;318
sp_7;318
sp_7;318
sp_7;319
sp_7;319
sp_7;319
sp_7;319
sp_7;319
sp_7;319
sp_7;319
sp_7;319
sp_7;319
sp_6;320
sp_6;320
sp_6;320
sp_6;320
sp_6;320
sp_6;320
sp_6;320
sp_6;320
sp_6;320
sp_7;321
sp_7;321
sp_7;321
sp_7;321
sp_7;321
sp_7;321
sp_7;321
sp_7;321
sp_7;321
sp_8;322
sp_8;322
sp_8;322
sp_8;322
sp_8;322
sp_8;322
sp_8;322
sp_8;322
sp_8;322
sp_6;323
sp_6;323
sp_6;323
sp_6;323
sp_6;323
sp_6;323
sp_6;323
sp_6;323
sp_6;323
sp_9;324
sp_9;324
sp_9;324
sp_9;324
sp_9;324
sp_9;324
sp_9;324
sp_9;324
sp_9;324
sp_19;325
sp_19;325
sp_19;325
sp_19;325
sp_19;325
sp_19;325
sp_19;325
sp_19;325
sp_19;325
sp_19;326
sp_19;326
sp_19;326
sp_19;326
sp_19;326
sp_19;326
sp_19;326
sp_19;326
sp_19;326
sp_19;327
sp_19;327
sp_19;327
sp_19;327
sp_19;327
sp_19;327
sp_19;327
sp_19;327
sp_19;327
sp_19;328
sp_19;328
sp_19;328
sp_19;328
sp_19;328
sp_19;328
sp_19;328
sp_19;328
sp_19;328
sp_19;329
sp_19;329
sp_19;329
sp_19;329
sp_19;329
sp_19;329
sp_19;329
sp_19;329
sp_19;329
sp_19;330
sp_19;330
sp_19;330
sp_19;330
sp_19;330
sp_19;330
sp_19;330
sp_19;330
sp_19;330
sp_19;331
sp_19;331
sp_19;331
sp_19;331
sp_19;331
sp_19;331
sp_19;331
sp_19;331
sp_19;331
sp_19;332
sp_19;332
sp_19;332
sp_19;332
sp_19;332
sp_19;332
sp_19;332
sp_19;332
sp_19;332
sp_19;333
sp_19;333
sp_19;333
sp_19;333
sp_19;333
sp_19;333
sp_19;333
sp_19;333
sp_19;333
sp_19;334
sp_19;334
sp_19;334
sp_19;334
sp_19;334
sp_19;334
sp_19;334
sp_19;334
sp_19;334
sp_17;335
sp_17;335
sp_17;335
sp_17;335
sp_17;335
sp_17;335
sp_17;335
sp_17;335
sp_17;335
sp_17;336
sp_17;336
sp_17;336
sp_17;336
sp_17;336
sp_17;336
sp_17;336
sp_17;336
sp_17;336
sp_17;337
sp_17;337
sp_17;337
sp_17;337
sp_17;337
sp_17;337
sp_17;337
sp_17;337
sp_17;337
sp_17;338
sp_17;338
sp_17;338
sp_17;338
sp_17;338
sp_17;338
sp_17;338
sp_17;338
sp_17;338
sp_17;339
sp_17;339
sp_17;339
sp_17;339
sp_17;339
sp_17;339
sp_17;339
sp_17;339
sp_17;339
sp_14;340
sp_14;340
sp_14;340
sp_14;340
sp_14;340
sp_14;340
sp_14;340
sp_14;340
sp_14;340
sp_11;341
sp_11;341
sp_11;341
sp_11;341
sp_11;341
sp_11;341
sp_11;341
sp_11;341
sp_11;341
sp_11;342
sp_11;342
sp_11;342
sp_11;342
sp_11;342
sp_11;342
sp_11;342
sp_11;342
sp_11;342
sp_14;343
sp_14;343
sp_14;343
sp_14;343
sp_14;343
sp_14;343
sp_14;343
sp_14;343
sp_14;343
sp_18;344
sp_18;344
sp_18;344
sp_18;344
sp_18;344
sp_18;344
sp_18;344
sp_18;344
sp_18;344
sp_18;345
sp_18;345
sp_18;345
sp_18;345
sp_18;345
sp_18;345
sp_18;345
sp_18;345
sp_18;345
sp_18;346
sp_18;346
sp_18;346
sp_18;346
sp_18;346
sp_18;346
sp_18;346
sp_18;346
sp_18;346
